Customer OpCo,Customer #,Customer Name,Address,City,State,Zip Code,Invoice Date,Invoice Number,Invoice Order Number,Invoice Type,PO Number,Route Number,Route Stop Number,Invoice Subtotal,Invoice Discount,Invoice Charges Fees,Invoice Total Tax,Invoice Total,Total Qty Ordered,Total Qty Shipped,Vendor #,Manufacturer Name,Manufacturer Product #,Category/Class,GTIN,Product #,Custom Product Number,Product Description,Custom Product Description,Brand,Pack Size,UOM,Printed Sequence,Net Price,Qty Ordered,Qty Shipped,Weight,Unit Price,Ext. Price
Performance Foodservice Nashville,55090180,SANPEGGIO'S PIZZA,50 CHELSEA RD,BIRMINGHAM,AL,35244,6/26/2025,6550750,5662302,Invoice,,4B31,6,956.73,0.00,6.50,3.30,966.53,22,22,56584,STANISLAUS FOOD PRODUCTS,80734,GROCERY DRY,30071933807340,45212,,SAUCE PIZZA PIZZAIOLO,,STANISLS,6/#10 CN,CS,1,41.04,1,1,,41.04,41.04
Performance Foodservice Nashville,55090180,SANPEGGIO'S PIZZA,50 CHELSEA RD,BIRMINGHAM,AL,35244,6/26/2025,6550750,5662302,Invoice,,4B31,6,956.73,0.00,6.50,3.30,966.53,22,22,77180,LEPRINO FOODS COMPANY,100000223,DAIRY PROD & SUBS,90806795525284,79109,,CHEESE MOZZ LMPS ORGNL BLOCK,,ROMA,8/6 AV,CS,2,2.5924,3,3,145.76/lb,2.5924,377.87
Performance Foodservice Nashville,55090180,SANPEGGIO'S PIZZA,50 CHELSEA RD,BIRMINGHAM,AL,35244,6/26/2025,6550750,5662302,Invoice,,4B31,6,956.73,0.00,6.50,3.30,966.53,22,22,97858,ARDENT MILLS,700440FD,GROCERY DRY,00806795295290,79947,,FLOUR HIGH GLUTEN,,ASSOLUTI,1/25 LB,CS,3,12.18,5,5,,12.18,60.90
Performance Foodservice Nashville,55090180,SANPEGGIO'S PIZZA,50 CHELSEA RD,BIRMINGHAM,AL,35244,6/26/2025,6550750,5662302,Invoice,,4B31,6,956.73,0.00,6.50,3.30,966.53,22,22,14353,BERRY GLOBAL FILMS AEP,194635,DISPOSABLES,00806795006650,194635,,CAN LINER 60 GA HW CLR 38X58,,FRST MRK,10/10 CT,CS,4,34.73,1,1,,34.73,34.73
Performance Foodservice Nashville,55090180,SANPEGGIO'S PIZZA,50 CHELSEA RD,BIRMINGHAM,AL,35244,6/26/2025,6550750,5662302,Invoice,,4B31,6,956.73,0.00,6.50,3.30,966.53,22,22,91076,RUBY ROBINSON IPPOLITO,907130,PRODUCE PRE-CUT,00806795021882,247059,,SPINACH W&T TFF,,PEAK FRS,1/2.5 LB,CS,5,6.88,1,1,,6.88,6.88
Performance Foodservice Nashville,55090180,SANPEGGIO'S PIZZA,50 CHELSEA RD,BIRMINGHAM,AL,35244,6/26/2025,6550750,5662302,Invoice,,4B31,6,956.73,0.00,6.50,3.30,966.53,22,22,10420,RUBY CO PEIRCES PRODUCE,,PRODUCE,00806795495812,267790,,CUCUMBER SEL,,PEAK FRS,1/10 LB,CS,6,12.67,1,1,,12.67,12.67
Performance Foodservice Nashville,55090180,SANPEGGIO'S PIZZA,50 CHELSEA RD,BIRMINGHAM,AL,35244,6/26/2025,6550750,5662302,Invoice,,4B31,6,956.73,0.00,6.50,3.30,966.53,22,22,13617,RUBY ROBINSON W COAST DIS,50530,PRODUCE PRE-CUT,10806795021452,907448,,SALAD SPRING MIX,,PEAK FRS,2/1.5 LB,CS,7,13.65,1,1,,13.65,13.65
Performance Foodservice Nashville,55090180,SANPEGGIO'S PIZZA,50 CHELSEA RD,BIRMINGHAM,AL,35244,6/26/2025,6550750,5662302,Invoice,,4B31,6,956.73,0.00,6.50,3.30,966.53,22,22,13437,IPAP AMERICAN FOODS GROUP,,MEATS,90806795423641,329695,,BEEF GRND FINE 81/19 CHUB,,WEST CRK,4/5 LB,CS,8,4.7227,1,1,20.02/lb,4.7227,94.55
Performance Foodservice Nashville,55090180,SANPEGGIO'S PIZZA,50 CHELSEA RD,BIRMINGHAM,AL,35244,6/26/2025,6550750,5662302,Invoice,,4B31,6,956.73,0.00,6.50,3.30,966.53,22,22,7400,INNOVATIVE BAKING LLC,GF-0211175-24,FROZEN FOOD PROCESS,00810818021254,569949,,PIZZA CRUST 11.75" CAULIFLOWER,,VENICE,24/6.9 OZ,CS,9,76.98,1,1,,76.98,76.98
Performance Foodservice Nashville,55090180,SANPEGGIO'S PIZZA,50 CHELSEA RD,BIRMINGHAM,AL,35244,6/26/2025,6550750,5662302,Invoice,,4B31,6,956.73,0.00,6.50,3.30,966.53,22,22,55063,LA NOVA WINGS INC,80303-670,POULTRY,00806795466324,398989,,CHICKEN WING OVEN RSTD FC,,ROMA,2/5 LB,CS,10,59.30,1,1,,59.30,59.30
Performance Foodservice Nashville,55090180,SANPEGGIO'S PIZZA,50 CHELSEA RD,BIRMINGHAM,AL,35244,6/26/2025,6550750,5662302,Invoice,,4B31,6,956.73,0.00,6.50,3.30,966.53,22,22,11654,BOXTECH LLC,700403,DISPOSABLES,00810119522856,181427,,BOX PIZZA 12IN B FLTD W/K LOGO,,SNPGGIS,1/50 CT,CS,11,32.19,1,1,,32.19,32.19
Performance Foodservice Nashville,55090180,SANPEGGIO'S PIZZA,50 CHELSEA RD,BIRMINGHAM,AL,35244,6/26/2025,6550750,5662302,Invoice,,4B31,6,956.73,0.00,6.50,3.30,966.53,22,22,11654,BOXTECH LLC,700402,DISPOSABLES,00810119522849,181425,,BOX PIZZA 8IN B FLTD W/K LOGO,,SNPGGIS,1/50 CT,CS,12,25.84,1,1,,25.84,25.84
Performance Foodservice Nashville,55090180,SANPEGGIO'S PIZZA,50 CHELSEA RD,BIRMINGHAM,AL,35244,6/26/2025,6550750,5662302,Invoice,,4B31,6,956.73,0.00,6.50,3.30,966.53,22,22,11654,BOXTECH LLC,700404,DISPOSABLES,00810119522863,181429,,BOX PIZZA 14IN B FLTD W/K LOGO,,SNPGGIS,1/50 CT,CS,13,36.53,1,1,,36.53,36.53
Performance Foodservice Nashville,55090180,SANPEGGIO'S PIZZA,50 CHELSEA RD,BIRMINGHAM,AL,35244,6/26/2025,6550750,5662302,Invoice,,4B31,6,956.73,0.00,6.50,3.30,966.53,22,22,11654,BOXTECH LLC,700405,DISPOSABLES,00810119522870,181430,,BOX PIZZA 16IN B FLTD W/K LOGO,,SNPGGIS,1/50 CT,CS,14,41.20,1,1,,41.20,41.20
Performance Foodservice Nashville,55090180,SANPEGGIO'S PIZZA,50 CHELSEA RD,BIRMINGHAM,AL,35244,6/26/2025,6550750,5662302,Invoice,,4B31,6,956.73,0.00,6.50,3.30,966.53,22,22,94666,RUBY ROBINSON SOUTH MILL,,PRODUCE,00806795137309,272387,,MUSHROOM SLCD 1/8" TUB,,PEAK FRS,2/5 LB,CS,15,26.52,1,1,,26.52,26.52
Performance Foodservice Nashville,55090180,SANPEGGIO'S PIZZA,50 CHELSEA RD,BIRMINGHAM,AL,35244,6/26/2025,6550750,5662302,Invoice,,4B31,6,956.73,0.00,6.50,3.30,966.53,22,22,10420,RUBY CO PEIRCES PRODUCE,,PRODUCE,,37748,,PEPPERS GRN MED,,PACKER,1/10 LB,CS,16,15.88,1,1,,15.88,15.88
Performance Foodservice Nashville,55090180,SANPEGGIO'S PIZZA,50 CHELSEA RD,BIRMINGHAM,AL,35244,6/23/2025,6547738,5658391,Invoice,,1B25,9,1230.42,0.00,6.50,0.00,1236.92,28,28,11105,MILKCO INC,100153/60273,DAIRY PROD & SUBS,10838257001535,21497,,BUTTERMILK PREM 3.25%,,SEALTEST,9/.5 GA,CS,1,29.50,1,1,,29.50,29.50
Performance Foodservice Nashville,55090180,SANPEGGIO'S PIZZA,50 CHELSEA RD,BIRMINGHAM,AL,35244,6/23/2025,6547738,5658391,Invoice,,1B25,9,1230.42,0.00,6.50,0.00,1236.92,28,28,56584,STANISLAUS FOOD PRODUCTS,03501,GROCERY DRY,30071933035019,56022,,TOMATO GRND UNPLD W/ PUREE,,7/11,6/#10 CN,CS,2,36.22,1,1,,36.22,36.22
Performance Foodservice Nashville,55090180,SANPEGGIO'S PIZZA,50 CHELSEA RD,BIRMINGHAM,AL,35244,6/23/2025,6547738,5658391,Invoice,,1B25,9,1230.42,0.00,6.50,0.00,1236.92,28,28,77180,LEPRINO FOODS COMPANY,100000223,DAIRY PROD & SUBS,90806795525284,79109,,CHEESE MOZZ LMPS ORGNL BLOCK,,ROMA,8/6 AV,CS,3,2.5924,2,2,97.10/lb,2.5924,251.72
Performance Foodservice Nashville,55090180,SANPEGGIO'S PIZZA,50 CHELSEA RD,BIRMINGHAM,AL,35244,6/23/2025,6547738,5658391,Invoice,,1B25,9,1230.42,0.00,6.50,0.00,1236.92,28,28,97858,ARDENT MILLS,700440FD,GROCERY DRY,00806795295290,79947,,FLOUR HIGH GLUTEN,,ASSOLUTI,1/25 LB,CS,4,12.18,2,2,,12.18,24.36
Performance Foodservice Nashville,55090180,SANPEGGIO'S PIZZA,50 CHELSEA RD,BIRMINGHAM,AL,35244,6/23/2025,6547738,5658391,Invoice,,1B25,9,1230.42,0.00,6.50,0.00,1236.92,28,28,48752,BURKE MARKETING CORP,57033,MEATS,00806795136920,235317,,BEEF TOPPING FC FZ,,ROMA,2/5 LB,CS,5,39.97,1,1,,39.97,39.97
Performance Foodservice Nashville,55090180,SANPEGGIO'S PIZZA,50 CHELSEA RD,BIRMINGHAM,AL,35244,6/23/2025,6547738,5658391,Invoice,,1B25,9,1230.42,0.00,6.50,0.00,1236.92,28,28,48752,BURKE MARKETING CORP,114393,POULTRY,10020534143933,644312,,CHICKEN BRST STRIP GARLIC FC F,,BURKE,2/5 LB,CS,6,65.79,1,1,,65.79,65.79
Performance Foodservice Nashville,55090180,SANPEGGIO'S PIZZA,50 CHELSEA RD,BIRMINGHAM,AL,35244,6/23/2025,6547738,5658391,Invoice,,1B25,9,1230.42,0.00,6.50,0.00,1236.92,28,28,67343,REMA FOODS INC,60033,GROCERY DRY,10719303600332,892534,,OIL CANOLA OLIVE BLND 75/25,,SNTLUCIA,6/1 GA,CS,7,89.34,1,1,,89.34,89.34
Performance Foodservice Nashville,55090180,SANPEGGIO'S PIZZA,50 CHELSEA RD,BIRMINGHAM,AL,35244,6/23/2025,6547738,5658391,Invoice,,1B25,9,1230.42,0.00,6.50,0.00,1236.92,28,28,13617,RUBY ROBINSON W COAST DIS,50530,PRODUCE PRE-CUT,10806795021452,907448,,SALAD SPRING MIX,,PEAK FRS,2/1.5 LB,CS,8,13.65,1,1,,13.65,13.65
Performance Foodservice Nashville,55090180,SANPEGGIO'S PIZZA,50 CHELSEA RD,BIRMINGHAM,AL,35244,6/23/2025,6547738,5658391,Invoice,,1B25,9,1230.42,0.00,6.50,0.00,1236.92,28,28,7700,MULLINS CHEESE INC,10837,DAIRY PROD & SUBS,90745080000207,930624,,CHEESE CHED WHI MILD BLOCK,,MULLINS,1/40 AV,CS,9,2.6683,1,1,43.01/lb,2.6683,114.76
Performance Foodservice Nashville,55090180,SANPEGGIO'S PIZZA,50 CHELSEA RD,BIRMINGHAM,AL,35244,6/23/2025,6547738,5658391,Invoice,,1B25,9,1230.42,0.00,6.50,0.00,1236.92,28,28,29570,HORMEL FOODS CORP,82375,MEATS,00039437004305,948445,,SAUSAGE BULK ITAL SPICY FZ,,FONTANIN,4/5 LB,CS,10,74.03,1,1,,74.03,74.03
Performance Foodservice Nashville,55090180,SANPEGGIO'S PIZZA,50 CHELSEA RD,BIRMINGHAM,AL,35244,6/23/2025,6547738,5658391,Invoice,,1B25,9,1230.42,0.00,6.50,0.00,1236.92,28,28,29570,HORMEL FOODS CORP,32542,MEATS,00037600325424,39210,,HAM SLCD 1/2 OZ TFF,,BRD RDY,6/2 LB,CS,11,64.92,1,1,,64.92,64.92
Performance Foodservice Nashville,55090180,SANPEGGIO'S PIZZA,50 CHELSEA RD,BIRMINGHAM,AL,35244,6/23/2025,6547738,5658391,Invoice,,1B25,9,1230.42,0.00,6.50,0.00,1236.92,28,28,12935,RUBY ROBINSON WADA,,PRODUCE,00806795021554,907426,,ONION YLW JUMBO,,PEAK FRS,1/50 LB,CS,12,27.86,1,1,,27.86,27.86
Performance Foodservice Nashville,55090180,SANPEGGIO'S PIZZA,50 CHELSEA RD,BIRMINGHAM,AL,35244,6/23/2025,6547738,5658391,Invoice,,1B25,9,1230.42,0.00,6.50,0.00,1236.92,28,28,34820,INDEL FOOD PRODUCTS,00471,GROCERY DRY,00042434004711,346824,,PEPPERS BANANA RING MILD TFF,,DEL SOL,1/1 GA,CS,13,7.46,1,1,,7.46,7.46
Performance Foodservice Nashville,55090180,SANPEGGIO'S PIZZA,50 CHELSEA RD,BIRMINGHAM,AL,35244,6/23/2025,6547738,5658391,Invoice,,1B25,9,1230.42,0.00,6.50,0.00,1236.92,28,28,67343,REMA FOODS INC,90074RM,GROCERY DRY,00806795422467,326558,,ONION PWDR,,ROMA,1/5 LB,CS,14,34.71,1,1,,34.71,34.71
Performance Foodservice Nashville,55090180,SANPEGGIO'S PIZZA,50 CHELSEA RD,BIRMINGHAM,AL,35244,6/23/2025,6547738,5658391,Invoice,,1B25,9,1230.42,0.00,6.50,0.00,1236.92,28,28,74885,LIGURIA FOODS LLC,91973,MEATS,00806795050073,78616,,PEPPERONI SLCD 14 CT 44 MM FZ,,ROMA,1/10 LB,CS,15,40.95,1,1,,40.95,40.95
Performance Foodservice Nashville,55090180,SANPEGGIO'S PIZZA,50 CHELSEA RD,BIRMINGHAM,AL,35244,6/23/2025,6547738,5658391,Invoice,,1B25,9,1230.42,0.00,6.50,0.00,1236.92,28,28,10420,RUBY CO PEIRCES PRODUCE,,PRODUCE,00806795422313,328740,,TOMATO 5X6 1 LYR,,PEAK FRS,1/10 LB,CS,16,16.88,1,1,,16.88,16.88
Performance Foodservice Nashville,55090180,SANPEGGIO'S PIZZA,50 CHELSEA RD,BIRMINGHAM,AL,35244,6/23/2025,6547738,5658391,Invoice,,1B25,9,1230.42,0.00,6.50,0.00,1236.92,28,28,78876,GENERAL MILLS DRY & FRZN,210286000,FROZEN FOOD PROCESS,10031400250877,953280,,PIZZA CRUST 14" THIN PARBKD FZ,,BONICI,40/8.5 OZ,CS,17,49.42,1,1,,49.42,49.42
Performance Foodservice Nashville,55090180,SANPEGGIO'S PIZZA,50 CHELSEA RD,BIRMINGHAM,AL,35244,6/23/2025,6547738,5658391,Invoice,,1B25,9,1230.42,0.00,6.50,0.00,1236.92,28,28,94821,MCCORMICK& CO INC,900223220,GROCERY DRY,10052100010790,242862,,SEASONING BLND LEMON & PEPPER,,MCCRMCK,1/28 OZ,CS,18,17.49,1,1,,17.49,17.49
Performance Foodservice Nashville,55090180,SANPEGGIO'S PIZZA,50 CHELSEA RD,BIRMINGHAM,AL,35244,6/23/2025,6547738,5658391,Invoice,,1B25,9,1230.42,0.00,6.50,0.00,1236.92,28,28,70002,TW GARNER FOOD CO,00013,GROCERY DRY,10075500000130,248148,,SAUCE WING BUFFALO STYLE MILD,,TEX PETE,1/1 GA,CS,19,18.71,1,1,,18.71,18.71
Performance Foodservice Nashville,55090180,SANPEGGIO'S PIZZA,50 CHELSEA RD,BIRMINGHAM,AL,35244,6/23/2025,6547738,5658391,Invoice,,1B25,9,1230.42,0.00,6.50,0.00,1236.92,28,28,11654,BOXTECH LLC,700403,DISPOSABLES,00810119522856,181427,,BOX PIZZA 12IN B FLTD W/K LOGO,,SNPGGIS,1/50 CT,CS,20,32.19,1,1,,32.19,32.19
Performance Foodservice Nashville,55090180,SANPEGGIO'S PIZZA,50 CHELSEA RD,BIRMINGHAM,AL,35244,6/23/2025,6547738,5658391,Invoice,,1B25,9,1230.42,0.00,6.50,0.00,1236.92,28,28,35525,FLEISCHMANNS YEAST,2139,GROCERY DRY,00754715021392,997203,,YEAST DRY INST TFF,,FLISHMAN,1/1 LB,CS,21,4.12,1,1,,4.12,4.12
Performance Foodservice Nashville,55090180,SANPEGGIO'S PIZZA,50 CHELSEA RD,BIRMINGHAM,AL,35244,6/23/2025,6547738,5658391,Invoice,,1B25,9,1230.42,0.00,6.50,0.00,1236.92,28,28,11654,BOXTECH LLC,700402,DISPOSABLES,00810119522849,181425,,BOX PIZZA 8IN B FLTD W/K LOGO,,SNPGGIS,1/50 CT,CS,22,25.84,1,1,,25.84,25.84
Performance Foodservice Nashville,55090180,SANPEGGIO'S PIZZA,50 CHELSEA RD,BIRMINGHAM,AL,35244,6/23/2025,6547738,5658391,Invoice,,1B25,9,1230.42,0.00,6.50,0.00,1236.92,28,28,11654,BOXTECH LLC,700404,DISPOSABLES,00810119522863,181429,,BOX PIZZA 14IN B FLTD W/K LOGO,,SNPGGIS,1/50 CT,CS,23,36.53,1,1,,36.53,36.53
Performance Foodservice Nashville,55090180,SANPEGGIO'S PIZZA,50 CHELSEA RD,BIRMINGHAM,AL,35244,6/23/2025,6547738,5658391,Invoice,,1B25,9,1230.42,0.00,6.50,0.00,1236.92,28,28,11654,BOXTECH LLC,700405,DISPOSABLES,00810119522870,181430,,BOX PIZZA 16IN B FLTD W/K LOGO,,SNPGGIS,1/50 CT,CS,24,41.20,1,1,,41.20,41.20
Performance Foodservice Nashville,55090180,SANPEGGIO'S PIZZA,50 CHELSEA RD,BIRMINGHAM,AL,35244,6/23/2025,6547738,5658391,Invoice,,1B25,9,1230.42,0.00,6.50,0.00,1236.92,28,28,67343,REMA FOODS INC,9173011,GROCERY DRY,00806795045499,243598,,OLIVE SLCD RIPE BLK IMP,,ROMA,1/#10 CN,CS,25,13.36,1,1,,13.36,13.36
Performance Foodservice Nashville,55090180,SANPEGGIO'S PIZZA,50 CHELSEA RD,BIRMINGHAM,AL,35244,6/23/2025,6547738,5658391,Invoice,,1B25,9,1230.42,0.00,6.50,0.00,1236.92,28,28,97385,SMITHFIELD FARMLAND FARM,10806795620914,MEATS,10806795620914,1007724,,BACON TOPPING 3/8" DICED FC,,ROMA,2/5 LB,CS,26,59.44,1,1,,59.44,59.44
Performance Foodservice Nashville,55090180,SANPEGGIO'S PIZZA,50 CHELSEA RD,BIRMINGHAM,AL,35244,6/19/2025,6545048,5654933,Invoice,,4B31,5,1036.71,0.00,6.50,0.00,1043.21,26,26,56584,STANISLAUS FOOD PRODUCTS,03501,GROCERY DRY,30071933035019,56022,,TOMATO GRND UNPLD W/ PUREE,,7/11,6/#10 CN,CS,1,36.22,1,1,,36.22,36.22
Performance Foodservice Nashville,55090180,SANPEGGIO'S PIZZA,50 CHELSEA RD,BIRMINGHAM,AL,35244,6/19/2025,6545048,5654933,Invoice,,4B31,5,1036.71,0.00,6.50,0.00,1043.21,26,26,77180,LEPRINO FOODS COMPANY,100000223,DAIRY PROD & SUBS,90806795525284,79109,,CHEESE MOZZ LMPS ORGNL BLOCK,,ROMA,8/6 AV,CS,2,2.5924,2,2,97.14/lb,2.5924,251.83
Performance Foodservice Nashville,55090180,SANPEGGIO'S PIZZA,50 CHELSEA RD,BIRMINGHAM,AL,35244,6/19/2025,6545048,5654933,Invoice,,4B31,5,1036.71,0.00,6.50,0.00,1043.21,26,26,97858,ARDENT MILLS,700440FD,GROCERY DRY,00806795295290,79947,,FLOUR HIGH GLUTEN,,ASSOLUTI,1/25 LB,CS,3,12.39,5,5,,12.39,61.95
Performance Foodservice Nashville,55090180,SANPEGGIO'S PIZZA,50 CHELSEA RD,BIRMINGHAM,AL,35244,6/19/2025,6545048,5654933,Invoice,,4B31,5,1036.71,0.00,6.50,0.00,1043.21,26,26,58736,FLOWERS SPECIALTY FDS,329684,FROZEN FOOD PROCESS,10806795423621,329684,,ROLL HOAGIE WHI UNSLCD 8",,ROMA,72/4 OZ,CS,4,38.35,1,1,,38.35,38.35
Performance Foodservice Nashville,55090180,SANPEGGIO'S PIZZA,50 CHELSEA RD,BIRMINGHAM,AL,35244,6/19/2025,6545048,5654933,Invoice,,4B31,5,1036.71,0.00,6.50,0.00,1043.21,26,26,13617,RUBY ROBINSON W COAST DIS,50530,PRODUCE PRE-CUT,10806795021452,907448,,SALAD SPRING MIX,,PEAK FRS,2/1.5 LB,CS,5,13.65,2,2,,13.65,27.30
Performance Foodservice Nashville,55090180,SANPEGGIO'S PIZZA,50 CHELSEA RD,BIRMINGHAM,AL,35244,6/19/2025,6545048,5654933,Invoice,,4B31,5,1036.71,0.00,6.50,0.00,1043.21,26,26,29570,HORMEL FOODS CORP,82375,MEATS,00039437004305,948445,,SAUSAGE BULK ITAL SPICY FZ,,FONTANIN,4/5 LB,CS,6,74.03,1,1,,74.03,74.03
Performance Foodservice Nashville,55090180,SANPEGGIO'S PIZZA,50 CHELSEA RD,BIRMINGHAM,AL,35244,6/19/2025,6545048,5654933,Invoice,,4B31,5,1036.71,0.00,6.50,0.00,1043.21,26,26,57361,SUGAR FOODS CORPORATION,58824,DAIRY PROD & SUBS,00806795042665,232186,,CHEESE PARMESAN GRATED PACKET,,ROMA,200/3.5 GM,CS,7,18.32,1,1,,18.32,18.32
Performance Foodservice Nashville,55090180,SANPEGGIO'S PIZZA,50 CHELSEA RD,BIRMINGHAM,AL,35244,6/19/2025,6545048,5654933,Invoice,,4B31,5,1036.71,0.00,6.50,0.00,1043.21,26,26,67343,REMA FOODS INC,SDT49045,PRODUCE PRE-CUT,00806795045710,231880,,TOMATO SNDRD JULIENNE,,ROMA,1/5 LB,CS,8,18.49,1,1,,18.49,18.49
Performance Foodservice Nashville,55090180,SANPEGGIO'S PIZZA,50 CHELSEA RD,BIRMINGHAM,AL,35244,6/19/2025,6545048,5654933,Invoice,,4B31,5,1036.71,0.00,6.50,0.00,1043.21,26,26,74885,LIGURIA FOODS LLC,91973,MEATS,00806795050073,78616,,PEPPERONI SLCD 14 CT 44 MM FZ,,ROMA,1/10 LB,CS,9,40.95,2,2,,40.95,81.90
Performance Foodservice Nashville,55090180,SANPEGGIO'S PIZZA,50 CHELSEA RD,BIRMINGHAM,AL,35244,6/19/2025,6545048,5654933,Invoice,,4B31,5,1036.71,0.00,6.50,0.00,1043.21,26,26,1100,AK PIZZA CRUST,161240U,FROZEN FOOD PROCESS,00806795587586,102724,,PIZZA CRUST 16" THIN PARBKD FZ,,ULTIMO,40/12 OZ,CS,10,55.14,1,1,,55.14,55.14
Performance Foodservice Nashville,55090180,SANPEGGIO'S PIZZA,50 CHELSEA RD,BIRMINGHAM,AL,35244,6/19/2025,6545048,5654933,Invoice,,4B31,5,1036.71,0.00,6.50,0.00,1043.21,26,26,55063,LA NOVA WINGS INC,80303-670,POULTRY,00806795466324,398989,,CHICKEN WING OVEN RSTD FC,,ROMA,2/5 LB,CS,11,59.30,3,3,,59.30,177.90
Performance Foodservice Nashville,55090180,SANPEGGIO'S PIZZA,50 CHELSEA RD,BIRMINGHAM,AL,35244,6/19/2025,6545048,5654933,Invoice,,4B31,5,1036.71,0.00,6.50,0.00,1043.21,26,26,11654,BOXTECH LLC,700403,DISPOSABLES,00810119522856,181427,,BOX PIZZA 12IN B FLTD W/K LOGO,,SNPGGIS,1/50 CT,CS,12,32.19,1,1,,32.19,32.19
Performance Foodservice Nashville,55090180,SANPEGGIO'S PIZZA,50 CHELSEA RD,BIRMINGHAM,AL,35244,6/19/2025,6545048,5654933,Invoice,,4B31,5,1036.71,0.00,6.50,0.00,1043.21,26,26,11654,BOXTECH LLC,700402,DISPOSABLES,00810119522849,181425,,BOX PIZZA 8IN B FLTD W/K LOGO,,SNPGGIS,1/50 CT,CS,13,25.84,1,1,,25.84,25.84
Performance Foodservice Nashville,55090180,SANPEGGIO'S PIZZA,50 CHELSEA RD,BIRMINGHAM,AL,35244,6/19/2025,6545048,5654933,Invoice,,4B31,5,1036.71,0.00,6.50,0.00,1043.21,26,26,11654,BOXTECH LLC,700404,DISPOSABLES,00810119522863,181429,,BOX PIZZA 14IN B FLTD W/K LOGO,,SNPGGIS,1/50 CT,CS,14,36.53,2,2,,36.53,73.06
Performance Foodservice Nashville,55090180,SANPEGGIO'S PIZZA,50 CHELSEA RD,BIRMINGHAM,AL,35244,6/19/2025,6545048,5654933,Invoice,,4B31,5,1036.71,0.00,6.50,0.00,1043.21,26,26,11654,BOXTECH LLC,700405,DISPOSABLES,00810119522870,181430,,BOX PIZZA 16IN B FLTD W/K LOGO,,SNPGGIS,1/50 CT,CS,15,41.20,1,1,,41.20,41.20
Performance Foodservice Nashville,55090180,SANPEGGIO'S PIZZA,50 CHELSEA RD,BIRMINGHAM,AL,35244,6/19/2025,6545048,5654933,Invoice,,4B31,5,1036.71,0.00,6.50,0.00,1043.21,26,26,10965,CHEESE MERCHANTS OF,55022D,DAIRY PROD & SUBS,00806795138818,238641,,CHEESE PARMESAN GRATED TUB,,ROMA,1/5 LB,CS,16,22.99,1,1,,22.99,22.99
Performance Foodservice Nashville,55090180,SANPEGGIO'S PIZZA,50 CHELSEA RD,BIRMINGHAM,AL,35244,6/16/2025,6541818,5651018,Invoice,,1B25,11,1495.69,0.00,6.50,0.00,1502.19,33,33,33398,CONWAY IMPORT CO INC,105,GROCERY DRY,40044496001057,13973,,DRESSING ITAL LAFLORA D - 78,,CONWAY,4/1 GA,CS,1,78.44,1,1,,78.44,78.44
Performance Foodservice Nashville,55090180,SANPEGGIO'S PIZZA,50 CHELSEA RD,BIRMINGHAM,AL,35244,6/16/2025,6541818,5651018,Invoice,,1B25,11,1495.69,0.00,6.50,0.00,1502.19,33,33,56584,STANISLAUS FOOD PRODUCTS,80734,GROCERY DRY,30071933807340,45212,,SAUCE PIZZA PIZZAIOLO,,STANISLS,6/#10 CN,CS,2,41.04,1,1,,41.04,41.04
Performance Foodservice Nashville,55090180,SANPEGGIO'S PIZZA,50 CHELSEA RD,BIRMINGHAM,AL,35244,6/16/2025,6541818,5651018,Invoice,,1B25,11,1495.69,0.00,6.50,0.00,1502.19,33,33,56584,STANISLAUS FOOD PRODUCTS,03501,GROCERY DRY,30071933035019,56022,,TOMATO GRND UNPLD W/ PUREE,,7/11,6/#10 CN,CS,3,36.22,1,1,,36.22,36.22
Performance Foodservice Nashville,55090180,SANPEGGIO'S PIZZA,50 CHELSEA RD,BIRMINGHAM,AL,35244,6/16/2025,6541818,5651018,Invoice,,1B25,11,1495.69,0.00,6.50,0.00,1502.19,33,33,77180,LEPRINO FOODS COMPANY,100000223,DAIRY PROD & SUBS,90806795525284,79109,,CHEESE MOZZ LMPS ORGNL BLOCK,,ROMA,8/6 AV,CS,4,2.5924,3,3,147.32/lb,2.5924,381.91
Performance Foodservice Nashville,55090180,SANPEGGIO'S PIZZA,50 CHELSEA RD,BIRMINGHAM,AL,35244,6/16/2025,6541818,5651018,Invoice,,1B25,11,1495.69,0.00,6.50,0.00,1502.19,33,33,97858,ARDENT MILLS,700440FD,GROCERY DRY,00806795295290,79947,,FLOUR HIGH GLUTEN,,ASSOLUTI,1/25 LB,CS,5,12.39,3,3,,12.39,37.17
Performance Foodservice Nashville,55090180,SANPEGGIO'S PIZZA,50 CHELSEA RD,BIRMINGHAM,AL,35244,6/16/2025,6541818,5651018,Invoice,,1B25,11,1495.69,0.00,6.50,0.00,1502.19,33,33,13627,WINLAND FOODS INC,650534,GROCERY DRY,00806795136678,233384,,PASTA SPAGHETTI THIN 10",,ASSOLUTI,2/10 LB,CS,6,25.83,1,1,,25.83,25.83
Performance Foodservice Nashville,55090180,SANPEGGIO'S PIZZA,50 CHELSEA RD,BIRMINGHAM,AL,35244,6/16/2025,6541818,5651018,Invoice,,1B25,11,1495.69,0.00,6.50,0.00,1502.19,33,33,10420,RUBY CO PEIRCES PRODUCE,,PRODUCE,00806795495812,267790,,CUCUMBER SEL,,PEAK FRS,1/10 LB,CS,7,12.67,1,1,,12.67,12.67
Performance Foodservice Nashville,55090180,SANPEGGIO'S PIZZA,50 CHELSEA RD,BIRMINGHAM,AL,35244,6/16/2025,6541818,5651018,Invoice,,1B25,11,1495.69,0.00,6.50,0.00,1502.19,33,33,67343,REMA FOODS INC,267823,GROCERY DRY,10806795049395,267823,,PINEAPPLE TIDBITS IN JUICE,,MAGELLAN,6/#10 CN,CS,8,54.73,1,1,,54.73,54.73
Performance Foodservice Nashville,55090180,SANPEGGIO'S PIZZA,50 CHELSEA RD,BIRMINGHAM,AL,35244,6/16/2025,6541818,5651018,Invoice,,1B25,11,1495.69,0.00,6.50,0.00,1502.19,33,33,70043,VENTURA FOODS LLC,21708-WCK,DAIRY PROD & SUBS,10806795499831,518672,,MARGARINE SOLIDS TFF,,WEST CRK,30/1 LB,CS,9,36.51,1,1,,36.51,36.51
Performance Foodservice Nashville,55090180,SANPEGGIO'S PIZZA,50 CHELSEA RD,BIRMINGHAM,AL,35244,6/16/2025,6541818,5651018,Invoice,,1B25,11,1495.69,0.00,6.50,0.00,1502.19,33,33,48752,BURKE MARKETING CORP,114393,POULTRY,10020534143933,644312,,CHICKEN BRST STRIP GARLIC FC F,,BURKE,2/5 LB,CS,10,65.79,1,1,,65.79,65.79
Performance Foodservice Nashville,55090180,SANPEGGIO'S PIZZA,50 CHELSEA RD,BIRMINGHAM,AL,35244,6/16/2025,6541818,5651018,Invoice,,1B25,11,1495.69,0.00,6.50,0.00,1502.19,33,33,13617,RUBY ROBINSON W COAST DIS,50530,PRODUCE PRE-CUT,10806795021452,907448,,SALAD SPRING MIX,,PEAK FRS,2/1.5 LB,CS,11,13.65,2,2,,13.65,27.30
Performance Foodservice Nashville,55090180,SANPEGGIO'S PIZZA,50 CHELSEA RD,BIRMINGHAM,AL,35244,6/16/2025,6541818,5651018,Invoice,,1B25,11,1495.69,0.00,6.50,0.00,1502.19,33,33,29570,HORMEL FOODS CORP,82375,MEATS,00039437004305,948445,,SAUSAGE BULK ITAL SPICY FZ,,FONTANIN,4/5 LB,CS,12,74.03,1,1,,74.03,74.03
Performance Foodservice Nashville,55090180,SANPEGGIO'S PIZZA,50 CHELSEA RD,BIRMINGHAM,AL,35244,6/16/2025,6541818,5651018,Invoice,,1B25,11,1495.69,0.00,6.50,0.00,1502.19,33,33,57361,SUGAR FOODS CORPORATION,20126,GROCERY DRY,10806795137924,276470,,DRESSING MIX RANCH BUTTERMILK,,WEST CRK,18/3.2 OZ,CS,13,34.70,1,1,,34.70,34.70
Performance Foodservice Nashville,55090180,SANPEGGIO'S PIZZA,50 CHELSEA RD,BIRMINGHAM,AL,35244,6/16/2025,6541818,5651018,Invoice,,1B25,11,1495.69,0.00,6.50,0.00,1502.19,33,33,74885,LIGURIA FOODS LLC,91973,MEATS,00806795050073,78616,,PEPPERONI SLCD 14 CT 44 MM FZ,,ROMA,1/10 LB,CS,14,40.95,2,2,,40.95,81.90
Performance Foodservice Nashville,55090180,SANPEGGIO'S PIZZA,50 CHELSEA RD,BIRMINGHAM,AL,35244,6/16/2025,6541818,5651018,Invoice,,1B25,11,1495.69,0.00,6.50,0.00,1502.19,33,33,7400,INNOVATIVE BAKING LLC,GF-0211175-24,FROZEN FOOD PROCESS,00810818021254,569949,,PIZZA CRUST 11.75" CAULIFLOWER,,VENICE,24/6.9 OZ,CS,15,76.98,1,1,,76.98,76.98
Performance Foodservice Nashville,55090180,SANPEGGIO'S PIZZA,50 CHELSEA RD,BIRMINGHAM,AL,35244,6/16/2025,6541818,5651018,Invoice,,1B25,11,1495.69,0.00,6.50,0.00,1502.19,33,33,10420,RUBY CO PEIRCES PRODUCE,,PRODUCE,00806795422313,328740,,TOMATO 5X6 1 LYR,,PEAK FRS,1/10 LB,CS,16,16.88,1,1,,16.88,16.88
Performance Foodservice Nashville,55090180,SANPEGGIO'S PIZZA,50 CHELSEA RD,BIRMINGHAM,AL,35244,6/16/2025,6541818,5651018,Invoice,,1B25,11,1495.69,0.00,6.50,0.00,1502.19,33,33,55063,LA NOVA WINGS INC,80303-670,POULTRY,00806795466324,398989,,CHICKEN WING OVEN RSTD FC,,ROMA,2/5 LB,CS,17,59.30,2,2,,59.30,118.60
Performance Foodservice Nashville,55090180,SANPEGGIO'S PIZZA,50 CHELSEA RD,BIRMINGHAM,AL,35244,6/16/2025,6541818,5651018,Invoice,,1B25,11,1495.69,0.00,6.50,0.00,1502.19,33,33,11654,BOXTECH LLC,700403,DISPOSABLES,00810119522856,181427,,BOX PIZZA 12IN B FLTD W/K LOGO,,SNPGGIS,1/50 CT,CS,18,32.19,2,2,,32.19,64.38
Performance Foodservice Nashville,55090180,SANPEGGIO'S PIZZA,50 CHELSEA RD,BIRMINGHAM,AL,35244,6/16/2025,6541818,5651018,Invoice,,1B25,11,1495.69,0.00,6.50,0.00,1502.19,33,33,11654,BOXTECH LLC,700402,DISPOSABLES,00810119522849,181425,,BOX PIZZA 8IN B FLTD W/K LOGO,,SNPGGIS,1/50 CT,CS,19,25.84,2,2,,25.84,51.68
Performance Foodservice Nashville,55090180,SANPEGGIO'S PIZZA,50 CHELSEA RD,BIRMINGHAM,AL,35244,6/16/2025,6541818,5651018,Invoice,,1B25,11,1495.69,0.00,6.50,0.00,1502.19,33,33,11654,BOXTECH LLC,700404,DISPOSABLES,00810119522863,181429,,BOX PIZZA 14IN B FLTD W/K LOGO,,SNPGGIS,1/50 CT,CS,20,36.53,1,1,,36.53,36.53
Performance Foodservice Nashville,55090180,SANPEGGIO'S PIZZA,50 CHELSEA RD,BIRMINGHAM,AL,35244,6/16/2025,6541818,5651018,Invoice,,1B25,11,1495.69,0.00,6.50,0.00,1502.19,33,33,11654,BOXTECH LLC,700405,DISPOSABLES,00810119522870,181430,,BOX PIZZA 16IN B FLTD W/K LOGO,,SNPGGIS,1/50 CT,CS,21,41.20,1,1,,41.20,41.20
Performance Foodservice Nashville,55090180,SANPEGGIO'S PIZZA,50 CHELSEA RD,BIRMINGHAM,AL,35244,6/16/2025,6541818,5651018,Invoice,,1B25,11,1495.69,0.00,6.50,0.00,1502.19,33,33,94666,RUBY ROBINSON SOUTH MILL,,PRODUCE,00806795137309,272387,,MUSHROOM SLCD 1/8" TUB,,PEAK FRS,2/5 LB,CS,22,26.50,1,1,,26.50,26.50
Performance Foodservice Nashville,55090180,SANPEGGIO'S PIZZA,50 CHELSEA RD,BIRMINGHAM,AL,35244,6/16/2025,6541818,5651018,Invoice,,1B25,11,1495.69,0.00,6.50,0.00,1502.19,33,33,10420,RUBY CO PEIRCES PRODUCE,,PRODUCE,,37748,,PEPPERS GRN MED,,PACKER,1/10 LB,CS,23,15.88,1,1,,15.88,15.88
Performance Foodservice Nashville,55090180,SANPEGGIO'S PIZZA,50 CHELSEA RD,BIRMINGHAM,AL,35244,6/16/2025,6541818,5651018,Invoice,,1B25,11,1495.69,0.00,6.50,0.00,1502.19,33,33,97385,SMITHFIELD FARMLAND FARM,10806795620914,MEATS,10806795620914,1007724,,BACON TOPPING 3/8" DICED FC,,ROMA,2/5 LB,CS,24,58.82,1,1,,58.82,58.82
Performance Foodservice Nashville,55090180,SANPEGGIO'S PIZZA,50 CHELSEA RD,BIRMINGHAM,AL,35244,6/12/2025,6539323,5647377,Invoice,,4B31,6,1051.50,0.00,6.50,0.00,1058.00,24,24,56584,STANISLAUS FOOD PRODUCTS,03501,GROCERY DRY,30071933035019,56022,,TOMATO GRND UNPLD W/ PUREE,,7/11,6/#10 CN,CS,1,36.22,1,1,,36.22,36.22
Performance Foodservice Nashville,55090180,SANPEGGIO'S PIZZA,50 CHELSEA RD,BIRMINGHAM,AL,35244,6/12/2025,6539323,5647377,Invoice,,4B31,6,1051.50,0.00,6.50,0.00,1058.00,24,24,77180,LEPRINO FOODS COMPANY,100000223,DAIRY PROD & SUBS,90806795525284,79109,,CHEESE MOZZ LMPS ORGNL BLOCK,,ROMA,8/6 AV,CS,2,2.6618,2,2,97.22/lb,2.6618,258.78
Performance Foodservice Nashville,55090180,SANPEGGIO'S PIZZA,50 CHELSEA RD,BIRMINGHAM,AL,35244,6/12/2025,6539323,5647377,Invoice,,4B31,6,1051.50,0.00,6.50,0.00,1058.00,24,24,97858,ARDENT MILLS,700440FD,GROCERY DRY,00806795295290,79947,,FLOUR HIGH GLUTEN,,ASSOLUTI,1/25 LB,CS,3,12.39,4,4,,12.39,49.56
Performance Foodservice Nashville,55090180,SANPEGGIO'S PIZZA,50 CHELSEA RD,BIRMINGHAM,AL,35244,6/12/2025,6539323,5647377,Invoice,,4B31,6,1051.50,0.00,6.50,0.00,1058.00,24,24,55661,HFA INC HANDI FOIL,2047-25-500PFG,DISPOSABLES,00806795038354,240270,,CONT ALUM 7 IN RND,,FRST MRK,1/500 CT,CS,4,59.99,1,1,,59.99,59.99
Performance Foodservice Nashville,55090180,SANPEGGIO'S PIZZA,50 CHELSEA RD,BIRMINGHAM,AL,35244,6/12/2025,6539323,5647377,Invoice,,4B31,6,1051.50,0.00,6.50,0.00,1058.00,24,24,48752,BURKE MARKETING CORP,114393,POULTRY,10020534143933,644312,,CHICKEN BRST STRIP GARLIC FC F,,BURKE,2/5 LB,CS,5,65.79,1,1,,65.79,65.79
Performance Foodservice Nashville,55090180,SANPEGGIO'S PIZZA,50 CHELSEA RD,BIRMINGHAM,AL,35244,6/12/2025,6539323,5647377,Invoice,,4B31,6,1051.50,0.00,6.50,0.00,1058.00,24,24,12935,RUBY ROBINSON WADA,,PRODUCE,00806795021561,907425,,ONION RED JUMBO,,PEAK FRS,1/25 LB,CS,6,26.71,1,1,,26.71,26.71
Performance Foodservice Nashville,55090180,SANPEGGIO'S PIZZA,50 CHELSEA RD,BIRMINGHAM,AL,35244,6/12/2025,6539323,5647377,Invoice,,4B31,6,1051.50,0.00,6.50,0.00,1058.00,24,24,13617,RUBY ROBINSON W COAST DIS,50530,PRODUCE PRE-CUT,10806795021452,907448,,SALAD SPRING MIX,,PEAK FRS,2/1.5 LB,CS,7,13.65,1,1,,13.65,13.65
Performance Foodservice Nashville,55090180,SANPEGGIO'S PIZZA,50 CHELSEA RD,BIRMINGHAM,AL,35244,6/12/2025,6539323,5647377,Invoice,,4B31,6,1051.50,0.00,6.50,0.00,1058.00,24,24,7700,MULLINS CHEESE INC,10837,DAIRY PROD & SUBS,90745080000207,930624,,CHEESE CHED WHI MILD BLOCK,,MULLINS,1/40 AV,CS,8,2.6915,1,1,42.96/lb,2.6915,115.63
Performance Foodservice Nashville,55090180,SANPEGGIO'S PIZZA,50 CHELSEA RD,BIRMINGHAM,AL,35244,6/12/2025,6539323,5647377,Invoice,,4B31,6,1051.50,0.00,6.50,0.00,1058.00,24,24,29570,HORMEL FOODS CORP,32542,MEATS,00037600325424,39210,,HAM SLCD 1/2 OZ TFF,,BRD RDY,6/2 LB,CS,9,64.92,1,1,,64.92,64.92
Performance Foodservice Nashville,55090180,SANPEGGIO'S PIZZA,50 CHELSEA RD,BIRMINGHAM,AL,35244,6/12/2025,6539323,5647377,Invoice,,4B31,6,1051.50,0.00,6.50,0.00,1058.00,24,24,67343,REMA FOODS INC,21152RM,GROCERY DRY,00762664520170,248321,,PEPPERS JALAPENO NACHO SLCD,,ROMA,1/1 GA,CS,10,8.77,1,1,,8.77,8.77
Performance Foodservice Nashville,55090180,SANPEGGIO'S PIZZA,50 CHELSEA RD,BIRMINGHAM,AL,35244,6/12/2025,6539323,5647377,Invoice,,4B31,6,1051.50,0.00,6.50,0.00,1058.00,24,24,57361,SUGAR FOODS CORPORATION,58824,DAIRY PROD & SUBS,00806795042665,232186,,CHEESE PARMESAN GRATED PACKET,,ROMA,200/3.5 GM,CS,11,18.32,1,1,,18.32,18.32
Performance Foodservice Nashville,55090180,SANPEGGIO'S PIZZA,50 CHELSEA RD,BIRMINGHAM,AL,35244,6/12/2025,6539323,5647377,Invoice,,4B31,6,1051.50,0.00,6.50,0.00,1058.00,24,24,94821,MCCORMICK& CO INC,901583125,GROCERY DRY,00806795551280,628193,,BASIL LEAVES,,ROMA,1/1.75LB,CS,12,18.05,1,1,,18.05,18.05
Performance Foodservice Nashville,55090180,SANPEGGIO'S PIZZA,50 CHELSEA RD,BIRMINGHAM,AL,35244,6/12/2025,6539323,5647377,Invoice,,4B31,6,1051.50,0.00,6.50,0.00,1058.00,24,24,67343,REMA FOODS INC,288570,GROCERY DRY,10806795037385,469235,,OLIVE KALAMATA PITTED LG,,ROMA,1/2 KG,CS,13,19.80,1,1,,19.80,19.80
Performance Foodservice Nashville,55090180,SANPEGGIO'S PIZZA,50 CHELSEA RD,BIRMINGHAM,AL,35244,6/12/2025,6539323,5647377,Invoice,,4B31,6,1051.50,0.00,6.50,0.00,1058.00,24,24,74885,LIGURIA FOODS LLC,91973,MEATS,00806795050073,78616,,PEPPERONI SLCD 14 CT 44 MM FZ,,ROMA,1/10 LB,CS,14,40.95,1,1,,40.95,40.95
Performance Foodservice Nashville,55090180,SANPEGGIO'S PIZZA,50 CHELSEA RD,BIRMINGHAM,AL,35244,6/12/2025,6539323,5647377,Invoice,,4B31,6,1051.50,0.00,6.50,0.00,1058.00,24,24,55063,LA NOVA WINGS INC,80303-670,POULTRY,00806795466324,398989,,CHICKEN WING OVEN RSTD FC,,ROMA,2/5 LB,CS,15,59.30,2,2,,59.30,118.60
Performance Foodservice Nashville,55090180,SANPEGGIO'S PIZZA,50 CHELSEA RD,BIRMINGHAM,AL,35244,6/12/2025,6539323,5647377,Invoice,,4B31,6,1051.50,0.00,6.50,0.00,1058.00,24,24,11654,BOXTECH LLC,700403,DISPOSABLES,00810119522856,181427,,BOX PIZZA 12IN B FLTD W/K LOGO,,SNPGGIS,1/50 CT,CS,16,32.19,1,1,,32.19,32.19
Performance Foodservice Nashville,55090180,SANPEGGIO'S PIZZA,50 CHELSEA RD,BIRMINGHAM,AL,35244,6/12/2025,6539323,5647377,Invoice,,4B31,6,1051.50,0.00,6.50,0.00,1058.00,24,24,11654,BOXTECH LLC,700402,DISPOSABLES,00810119522849,181425,,BOX PIZZA 8IN B FLTD W/K LOGO,,SNPGGIS,1/50 CT,CS,17,25.84,1,1,,25.84,25.84
Performance Foodservice Nashville,55090180,SANPEGGIO'S PIZZA,50 CHELSEA RD,BIRMINGHAM,AL,35244,6/12/2025,6539323,5647377,Invoice,,4B31,6,1051.50,0.00,6.50,0.00,1058.00,24,24,11654,BOXTECH LLC,700404,DISPOSABLES,00810119522863,181429,,BOX PIZZA 14IN B FLTD W/K LOGO,,SNPGGIS,1/50 CT,CS,18,36.53,1,1,,36.53,36.53
Performance Foodservice Nashville,55090180,SANPEGGIO'S PIZZA,50 CHELSEA RD,BIRMINGHAM,AL,35244,6/12/2025,6539323,5647377,Invoice,,4B31,6,1051.50,0.00,6.50,0.00,1058.00,24,24,11654,BOXTECH LLC,700405,DISPOSABLES,00810119522870,181430,,BOX PIZZA 16IN B FLTD W/K LOGO,,SNPGGIS,1/50 CT,CS,19,41.20,1,1,,41.20,41.20
Performance Foodservice Nashville,55090180,SANPEGGIO'S PIZZA,50 CHELSEA RD,BIRMINGHAM,AL,35244,6/9/2025,6535979,5643602,Invoice,,1B25,11,986.62,0.00,6.50,0.00,993.12,27,27,56584,STANISLAUS FOOD PRODUCTS,80734,GROCERY DRY,30071933807340,45212,,SAUCE PIZZA PIZZAIOLO,,STANISLS,6/#10 CN,CS,1,41.04,1,1,,41.04,41.04
Performance Foodservice Nashville,55090180,SANPEGGIO'S PIZZA,50 CHELSEA RD,BIRMINGHAM,AL,35244,6/9/2025,6535979,5643602,Invoice,,1B25,11,986.62,0.00,6.50,0.00,993.12,27,27,56584,STANISLAUS FOOD PRODUCTS,03501,GROCERY DRY,30071933035019,56022,,TOMATO GRND UNPLD W/ PUREE,,7/11,6/#10 CN,CS,2,36.22,1,1,,36.22,36.22
Performance Foodservice Nashville,55090180,SANPEGGIO'S PIZZA,50 CHELSEA RD,BIRMINGHAM,AL,35244,6/9/2025,6535979,5643602,Invoice,,1B25,11,986.62,0.00,6.50,0.00,993.12,27,27,77180,LEPRINO FOODS COMPANY,100000223,DAIRY PROD & SUBS,90806795525284,79109,,CHEESE MOZZ LMPS ORGNL BLOCK,,ROMA,8/6 AV,CS,3,2.6618,2,2,97.70/lb,2.6618,260.06
Performance Foodservice Nashville,55090180,SANPEGGIO'S PIZZA,50 CHELSEA RD,BIRMINGHAM,AL,35244,6/9/2025,6535979,5643602,Invoice,,1B25,11,986.62,0.00,6.50,0.00,993.12,27,27,97858,ARDENT MILLS,700440FD,GROCERY DRY,00806795295290,79947,,FLOUR HIGH GLUTEN,,ASSOLUTI,1/25 LB,CS,4,12.39,4,4,,12.39,49.56
Performance Foodservice Nashville,55090180,SANPEGGIO'S PIZZA,50 CHELSEA RD,BIRMINGHAM,AL,35244,6/9/2025,6535979,5643602,Invoice,,1B25,11,986.62,0.00,6.50,0.00,993.12,27,27,48752,BURKE MARKETING CORP,57033,MEATS,00806795136920,235317,,BEEF TOPPING FC FZ,,ROMA,2/5 LB,CS,5,39.97,1,1,,39.97,39.97
Performance Foodservice Nashville,55090180,SANPEGGIO'S PIZZA,50 CHELSEA RD,BIRMINGHAM,AL,35244,6/9/2025,6535979,5643602,Invoice,,1B25,11,986.62,0.00,6.50,0.00,993.12,27,27,91076,RUBY ROBINSON IPPOLITO,907130,PRODUCE PRE-CUT,00806795021882,247059,,SPINACH W&T TFF,,PEAK FRS,1/2.5 LB,CS,6,6.88,1,1,,6.88,6.88
Performance Foodservice Nashville,55090180,SANPEGGIO'S PIZZA,50 CHELSEA RD,BIRMINGHAM,AL,35244,6/9/2025,6535979,5643602,Invoice,,1B25,11,986.62,0.00,6.50,0.00,993.12,27,27,10420,RUBY CO PEIRCES PRODUCE,,PRODUCE,00806795495812,267790,,CUCUMBER SEL,,PEAK FRS,1/10 LB,CS,7,12.67,1,1,,12.67,12.67
Performance Foodservice Nashville,55090180,SANPEGGIO'S PIZZA,50 CHELSEA RD,BIRMINGHAM,AL,35244,6/9/2025,6535979,5643602,Invoice,,1B25,11,986.62,0.00,6.50,0.00,993.12,27,27,13617,RUBY ROBINSON W COAST DIS,50530,PRODUCE PRE-CUT,10806795021452,907448,,SALAD SPRING MIX,,PEAK FRS,2/1.5 LB,CS,8,13.65,1,1,,13.65,13.65
Performance Foodservice Nashville,55090180,SANPEGGIO'S PIZZA,50 CHELSEA RD,BIRMINGHAM,AL,35244,6/9/2025,6535979,5643602,Invoice,,1B25,11,986.62,0.00,6.50,0.00,993.12,27,27,13627,WINLAND FOODS INC,251707,GROCERY DRY,00806795042801,251707,,PASTA FETTUCCINE 10",,LUIGI,2/10 LB,CS,9,20.73,1,1,,20.73,20.73
Performance Foodservice Nashville,55090180,SANPEGGIO'S PIZZA,50 CHELSEA RD,BIRMINGHAM,AL,35244,6/9/2025,6535979,5643602,Invoice,,1B25,11,986.62,0.00,6.50,0.00,993.12,27,27,67343,REMA FOODS INC,261399,GROCERY DRY,10806795045823,247739,,GARLIC GRANULATED,,ROMA,1/5 LB,CS,10,33.24,1,1,,33.24,33.24
Performance Foodservice Nashville,55090180,SANPEGGIO'S PIZZA,50 CHELSEA RD,BIRMINGHAM,AL,35244,6/9/2025,6535979,5643602,Invoice,,1B25,11,986.62,0.00,6.50,0.00,993.12,27,27,74885,LIGURIA FOODS LLC,91973,MEATS,00806795050073,78616,,PEPPERONI SLCD 14 CT 44 MM FZ,,ROMA,1/10 LB,CS,11,40.95,1,1,,40.95,40.95
Performance Foodservice Nashville,55090180,SANPEGGIO'S PIZZA,50 CHELSEA RD,BIRMINGHAM,AL,35244,6/9/2025,6535979,5643602,Invoice,,1B25,11,986.62,0.00,6.50,0.00,993.12,27,27,10420,RUBY CO PEIRCES PRODUCE,,PRODUCE,00806795422313,328740,,TOMATO 5X6 1 LYR,,PEAK FRS,1/10 LB,CS,12,17.37,1,1,,17.37,17.37
Performance Foodservice Nashville,55090180,SANPEGGIO'S PIZZA,50 CHELSEA RD,BIRMINGHAM,AL,35244,6/9/2025,6535979,5643602,Invoice,,1B25,11,986.62,0.00,6.50,0.00,993.12,27,27,11635,CERELIA BAKERY CANADA LP,104960,FROZEN FOOD PROCESS,00806795584790,809380,,COOKIE COOKIELOSSUS 8" PARBKD,,HRTG OVN,24/11.5OZ,CS,13,95.01,1,1,,95.01,95.01
Performance Foodservice Nashville,55090180,SANPEGGIO'S PIZZA,50 CHELSEA RD,BIRMINGHAM,AL,35244,6/9/2025,6535979,5643602,Invoice,,1B25,11,986.62,0.00,6.50,0.00,993.12,27,27,94821,MCCORMICK& CO INC,901583211,GROCERY DRY,00806795551433,628215,,OREGANO LEAVES,,ROMA,1/1.75LB,CS,14,20.91,1,1,,20.91,20.91
Performance Foodservice Nashville,55090180,SANPEGGIO'S PIZZA,50 CHELSEA RD,BIRMINGHAM,AL,35244,6/9/2025,6535979,5643602,Invoice,,1B25,11,986.62,0.00,6.50,0.00,993.12,27,27,55063,LA NOVA WINGS INC,80303-670,POULTRY,00806795466324,398989,,CHICKEN WING OVEN RSTD FC,,ROMA,2/5 LB,CS,15,59.30,1,1,,59.30,59.30
Performance Foodservice Nashville,55090180,SANPEGGIO'S PIZZA,50 CHELSEA RD,BIRMINGHAM,AL,35244,6/9/2025,6535979,5643602,Invoice,,1B25,11,986.62,0.00,6.50,0.00,993.12,27,27,11654,BOXTECH LLC,700403,DISPOSABLES,00810119522856,181427,,BOX PIZZA 12IN B FLTD W/K LOGO,,SNPGGIS,1/50 CT,CS,16,32.19,1,1,,32.19,32.19
Performance Foodservice Nashville,55090180,SANPEGGIO'S PIZZA,50 CHELSEA RD,BIRMINGHAM,AL,35244,6/9/2025,6535979,5643602,Invoice,,1B25,11,986.62,0.00,6.50,0.00,993.12,27,27,35525,FLEISCHMANNS YEAST,2139,GROCERY DRY,00754715021392,997203,,YEAST DRY INST TFF,,FLISHMAN,1/1 LB,CS,17,4.12,1,1,,4.12,4.12
Performance Foodservice Nashville,55090180,SANPEGGIO'S PIZZA,50 CHELSEA RD,BIRMINGHAM,AL,35244,6/9/2025,6535979,5643602,Invoice,,1B25,11,986.62,0.00,6.50,0.00,993.12,27,27,11654,BOXTECH LLC,700402,DISPOSABLES,00810119522849,181425,,BOX PIZZA 8IN B FLTD W/K LOGO,,SNPGGIS,1/50 CT,CS,18,25.84,1,1,,25.84,25.84
Performance Foodservice Nashville,55090180,SANPEGGIO'S PIZZA,50 CHELSEA RD,BIRMINGHAM,AL,35244,6/9/2025,6535979,5643602,Invoice,,1B25,11,986.62,0.00,6.50,0.00,993.12,27,27,11654,BOXTECH LLC,700404,DISPOSABLES,00810119522863,181429,,BOX PIZZA 14IN B FLTD W/K LOGO,,SNPGGIS,1/50 CT,CS,19,36.53,1,1,,36.53,36.53
Performance Foodservice Nashville,55090180,SANPEGGIO'S PIZZA,50 CHELSEA RD,BIRMINGHAM,AL,35244,6/9/2025,6535979,5643602,Invoice,,1B25,11,986.62,0.00,6.50,0.00,993.12,27,27,11654,BOXTECH LLC,700405,DISPOSABLES,00810119522870,181430,,BOX PIZZA 16IN B FLTD W/K LOGO,,SNPGGIS,1/50 CT,CS,20,41.20,1,1,,41.20,41.20
Performance Foodservice Nashville,55090180,SANPEGGIO'S PIZZA,50 CHELSEA RD,BIRMINGHAM,AL,35244,6/9/2025,6535979,5643602,Invoice,,1B25,11,986.62,0.00,6.50,0.00,993.12,27,27,94666,RUBY ROBINSON SOUTH MILL,,PRODUCE,00806795137309,272387,,MUSHROOM SLCD 1/8" TUB,,PEAK FRS,2/5 LB,CS,21,26.50,1,1,,26.50,26.50
Performance Foodservice Nashville,55090180,SANPEGGIO'S PIZZA,50 CHELSEA RD,BIRMINGHAM,AL,35244,6/9/2025,6535979,5643602,Invoice,,1B25,11,986.62,0.00,6.50,0.00,993.12,27,27,65350,SAUER BRANDS,201348,GROCERY DRY,00806795008661,966992,,MAYO XHD GF,,WEST CRK,1/1 GA,CS,22,13.86,1,1,,13.86,13.86
Performance Foodservice Nashville,55090180,SANPEGGIO'S PIZZA,50 CHELSEA RD,BIRMINGHAM,AL,35244,6/9/2025,6535979,5643602,Invoice,,1B25,11,986.62,0.00,6.50,0.00,993.12,27,27,97385,SMITHFIELD FARMLAND FARM,10806795620914,MEATS,10806795620914,1007724,,BACON TOPPING 3/8" DICED FC,,ROMA,2/5 LB,CS,23,58.82,1,1,,58.82,58.82
Performance Foodservice Nashville,55090180,SANPEGGIO'S PIZZA,50 CHELSEA RD,BIRMINGHAM,AL,35244,6/5/2025,6533445,5640171,Invoice,,4B31,5,794.65,0.00,6.50,1.85,803.00,22,22,56584,STANISLAUS FOOD PRODUCTS,03501,GROCERY DRY,30071933035019,56022,,TOMATO GRND UNPLD W/ PUREE,,7/11,6/#10 CN,CS,1,36.22,1,1,,36.22,36.22
Performance Foodservice Nashville,55090180,SANPEGGIO'S PIZZA,50 CHELSEA RD,BIRMINGHAM,AL,35244,6/5/2025,6533445,5640171,Invoice,,4B31,5,794.65,0.00,6.50,1.85,803.00,22,22,77180,LEPRINO FOODS COMPANY,100000223,DAIRY PROD & SUBS,90806795525284,79109,,CHEESE MOZZ LMPS ORGNL BLOCK,,ROMA,8/6 AV,CS,2,2.6271,2,2,97.80/lb,2.6271,256.93
Performance Foodservice Nashville,55090180,SANPEGGIO'S PIZZA,50 CHELSEA RD,BIRMINGHAM,AL,35244,6/5/2025,6533445,5640171,Invoice,,4B31,5,794.65,0.00,6.50,1.85,803.00,22,22,97858,ARDENT MILLS,700440FD,GROCERY DRY,00806795295290,79947,,FLOUR HIGH GLUTEN,,ASSOLUTI,1/25 LB,CS,3,12.39,4,4,,12.39,49.56
Performance Foodservice Nashville,55090180,SANPEGGIO'S PIZZA,50 CHELSEA RD,BIRMINGHAM,AL,35244,6/5/2025,6533445,5640171,Invoice,,4B31,5,794.65,0.00,6.50,1.85,803.00,22,22,67343,REMA FOODS INC,PEP48660,GROCERY DRY,00762664520057,238639,,PEPPERONCINI WHL IMP,,ROMA,1/1 GA,CS,4,7.22,1,1,,7.22,7.22
Performance Foodservice Nashville,55090180,SANPEGGIO'S PIZZA,50 CHELSEA RD,BIRMINGHAM,AL,35244,6/5/2025,6533445,5640171,Invoice,,4B31,5,794.65,0.00,6.50,1.85,803.00,22,22,48752,BURKE MARKETING CORP,114393,POULTRY,10020534143933,644312,,CHICKEN BRST STRIP GARLIC FC F,,BURKE,2/5 LB,CS,5,59.79,1,1,,59.79,59.79
Performance Foodservice Nashville,55090180,SANPEGGIO'S PIZZA,50 CHELSEA RD,BIRMINGHAM,AL,35244,6/5/2025,6533445,5640171,Invoice,,4B31,5,794.65,0.00,6.50,1.85,803.00,22,22,29570,HORMEL FOODS CORP,82375,MEATS,00039437004305,948445,,SAUSAGE BULK ITAL SPICY FZ,,FONTANIN,4/5 LB,CS,6,73.94,1,1,,73.94,73.94
Performance Foodservice Nashville,55090180,SANPEGGIO'S PIZZA,50 CHELSEA RD,BIRMINGHAM,AL,35244,6/5/2025,6533445,5640171,Invoice,,4B31,5,794.65,0.00,6.50,1.85,803.00,22,22,37512,NASONVILLE DAIRY INC,361663,DAIRY PROD & SUBS,10806795435471,361663,,CHEESE FETA GREEK CRUMBLE NAT,,ROMA,2/5 LB,CS,7,28.71,1,1,,28.71,28.71
Performance Foodservice Nashville,55090180,SANPEGGIO'S PIZZA,50 CHELSEA RD,BIRMINGHAM,AL,35244,6/5/2025,6533445,5640171,Invoice,,4B31,5,794.65,0.00,6.50,1.85,803.00,22,22,70002,TW GARNER FOOD CO,00013,GROCERY DRY,10075500000130,248148,,SAUCE WING BUFFALO STYLE MILD,,TEX PETE,1/1 GA,CS,8,18.71,1,1,,18.71,18.71
Performance Foodservice Nashville,55090180,SANPEGGIO'S PIZZA,50 CHELSEA RD,BIRMINGHAM,AL,35244,6/5/2025,6533445,5640171,Invoice,,4B31,5,794.65,0.00,6.50,1.85,803.00,22,22,5240,BRAKEBUSH BROTHERS INC,7201,POULTRY,10038034720103,417036,,CHICKEN WING BNLS FRITTER FZ,,BRAKEBSH,2/5 LB,CS,9,48.28,1,1,,48.28,48.28
Performance Foodservice Nashville,55090180,SANPEGGIO'S PIZZA,50 CHELSEA RD,BIRMINGHAM,AL,35244,6/5/2025,6533445,5640171,Invoice,,4B31,5,794.65,0.00,6.50,1.85,803.00,22,22,11654,BOXTECH LLC,700403,DISPOSABLES,00810119522856,181427,,BOX PIZZA 12IN B FLTD W/K LOGO,,SNPGGIS,1/50 CT,CS,10,32.19,1,1,,32.19,32.19
Performance Foodservice Nashville,55090180,SANPEGGIO'S PIZZA,50 CHELSEA RD,BIRMINGHAM,AL,35244,6/5/2025,6533445,5640171,Invoice,,4B31,5,794.65,0.00,6.50,1.85,803.00,22,22,11654,BOXTECH LLC,700402,DISPOSABLES,00810119522849,181425,,BOX PIZZA 8IN B FLTD W/K LOGO,,SNPGGIS,1/50 CT,CS,11,25.84,2,2,,25.84,51.68
Performance Foodservice Nashville,55090180,SANPEGGIO'S PIZZA,50 CHELSEA RD,BIRMINGHAM,AL,35244,6/5/2025,6533445,5640171,Invoice,,4B31,5,794.65,0.00,6.50,1.85,803.00,22,22,67343,REMA FOODS INC,26778RM,GROCERY DRY,00762661730152,247006,,OLIVE GRN SLCD,,ROMA,1/#10 CN,CS,12,12.50,1,1,,12.50,12.50
Performance Foodservice Nashville,55090180,SANPEGGIO'S PIZZA,50 CHELSEA RD,BIRMINGHAM,AL,35244,6/5/2025,6533445,5640171,Invoice,,4B31,5,794.65,0.00,6.50,1.85,803.00,22,22,11654,BOXTECH LLC,700404,DISPOSABLES,00810119522863,181429,,BOX PIZZA 14IN B FLTD W/K LOGO,,SNPGGIS,1/50 CT,CS,13,36.53,1,1,,36.53,36.53
Performance Foodservice Nashville,55090180,SANPEGGIO'S PIZZA,50 CHELSEA RD,BIRMINGHAM,AL,35244,6/5/2025,6533445,5640171,Invoice,,4B31,5,794.65,0.00,6.50,1.85,803.00,22,22,94666,RUBY ROBINSON SOUTH MILL,,PRODUCE,00806795137309,272387,,MUSHROOM SLCD 1/8" TUB,,PEAK FRS,2/5 LB,CS,14,26.50,1,1,,26.50,26.50
Performance Foodservice Nashville,55090180,SANPEGGIO'S PIZZA,50 CHELSEA RD,BIRMINGHAM,AL,35244,6/5/2025,6533445,5640171,Invoice,,4B31,5,794.65,0.00,6.50,1.85,803.00,22,22,13653,KIK INTERNATIONAL,11009465041,CHEMICALS & CLEANING,10806795514336,556332,,BLEACH GERMICIDAL ULTRA,,FRST MRK,6/1 GA,CS,15,19.54,1,1,,19.54,19.54
Performance Foodservice Nashville,55090180,SANPEGGIO'S PIZZA,50 CHELSEA RD,BIRMINGHAM,AL,35244,6/5/2025,6533445,5640171,Invoice,,4B31,5,794.65,0.00,6.50,1.85,803.00,22,22,67343,REMA FOODS INC,9173011,GROCERY DRY,00806795045499,243598,,OLIVE SLCD RIPE BLK IMP,,ROMA,1/#10 CN,CS,16,13.36,1,1,,13.36,13.36
Performance Foodservice Nashville,55090180,SANPEGGIO'S PIZZA,50 CHELSEA RD,BIRMINGHAM,AL,35244,6/5/2025,6533445,5640171,Invoice,,4B31,5,794.65,0.00,6.50,1.85,803.00,22,22,10965,CHEESE MERCHANTS OF,55022D,DAIRY PROD & SUBS,00806795138818,238641,,CHEESE PARMESAN GRATED TUB,,ROMA,1/5 LB,CS,17,22.99,1,1,,22.99,22.99
Performance Foodservice Nashville,55090180,SANPEGGIO'S PIZZA,50 CHELSEA RD,BIRMINGHAM,AL,35244,6/2/2025,6530431,5636035,Invoice,,1B25,10,1349.83,0.00,6.50,0.00,1356.33,27,27,56584,STANISLAUS FOOD PRODUCTS,80734,GROCERY DRY,30071933807340,45212,,SAUCE PIZZA PIZZAIOLO,,STANISLS,6/#10 CN,CS,1,41.04,1,1,,41.04,41.04
Performance Foodservice Nashville,55090180,SANPEGGIO'S PIZZA,50 CHELSEA RD,BIRMINGHAM,AL,35244,6/2/2025,6530431,5636035,Invoice,,1B25,10,1349.83,0.00,6.50,0.00,1356.33,27,27,77180,LEPRINO FOODS COMPANY,100000223,DAIRY PROD & SUBS,90806795525284,79109,,CHEESE MOZZ LMPS ORGNL BLOCK,,ROMA,8/6 AV,CS,2,2.6271,3,3,146.82/lb,2.6271,385.71
Performance Foodservice Nashville,55090180,SANPEGGIO'S PIZZA,50 CHELSEA RD,BIRMINGHAM,AL,35244,6/2/2025,6530431,5636035,Invoice,,1B25,10,1349.83,0.00,6.50,0.00,1356.33,27,27,97858,ARDENT MILLS,700440FD,GROCERY DRY,00806795295290,79947,,FLOUR HIGH GLUTEN,,ASSOLUTI,1/25 LB,CS,3,12.39,4,4,,12.39,49.56
Performance Foodservice Nashville,55090180,SANPEGGIO'S PIZZA,50 CHELSEA RD,BIRMINGHAM,AL,35244,6/2/2025,6530431,5636035,Invoice,,1B25,10,1349.83,0.00,6.50,0.00,1356.33,27,27,48752,BURKE MARKETING CORP,57033,MEATS,00806795136920,235317,,BEEF TOPPING FC FZ,,ROMA,2/5 LB,CS,4,39.97,1,1,,39.97,39.97
Performance Foodservice Nashville,55090180,SANPEGGIO'S PIZZA,50 CHELSEA RD,BIRMINGHAM,AL,35244,6/2/2025,6530431,5636035,Invoice,,1B25,10,1349.83,0.00,6.50,0.00,1356.33,27,27,10420,RUBY CO PEIRCES PRODUCE,,PRODUCE,00806795495812,267790,,CUCUMBER SEL,,PEAK FRS,1/10 LB,CS,5,12.67,1,1,,12.67,12.67
Performance Foodservice Nashville,55090180,SANPEGGIO'S PIZZA,50 CHELSEA RD,BIRMINGHAM,AL,35244,6/2/2025,6530431,5636035,Invoice,,1B25,10,1349.83,0.00,6.50,0.00,1356.33,27,27,58736,FLOWERS SPECIALTY FDS,329684,FROZEN FOOD PROCESS,10806795423621,329684,,ROLL HOAGIE WHI UNSLCD 8",,ROMA,72/4 OZ,CS,6,38.35,1,1,,38.35,38.35
Performance Foodservice Nashville,55090180,SANPEGGIO'S PIZZA,50 CHELSEA RD,BIRMINGHAM,AL,35244,6/2/2025,6530431,5636035,Invoice,,1B25,10,1349.83,0.00,6.50,0.00,1356.33,27,27,48752,BURKE MARKETING CORP,114393,POULTRY,10020534143933,644312,,CHICKEN BRST STRIP GARLIC FC F,,BURKE,2/5 LB,CS,7,59.79,1,1,,59.79,59.79
Performance Foodservice Nashville,55090180,SANPEGGIO'S PIZZA,50 CHELSEA RD,BIRMINGHAM,AL,35244,6/2/2025,6530431,5636035,Invoice,,1B25,10,1349.83,0.00,6.50,0.00,1356.33,27,27,13617,RUBY ROBINSON W COAST DIS,50530,PRODUCE PRE-CUT,10806795021452,907448,,SALAD SPRING MIX,,PEAK FRS,2/1.5 LB,CS,8,13.65,2,2,,13.65,27.30
Performance Foodservice Nashville,55090180,SANPEGGIO'S PIZZA,50 CHELSEA RD,BIRMINGHAM,AL,35244,6/2/2025,6530431,5636035,Invoice,,1B25,10,1349.83,0.00,6.50,0.00,1356.33,27,27,7700,MULLINS CHEESE INC,10837,DAIRY PROD & SUBS,90745080000207,930624,,CHEESE CHED WHI MILD BLOCK,,MULLINS,1/40 AV,CS,9,2.6915,1,1,43.79/lb,2.6915,117.86
Performance Foodservice Nashville,55090180,SANPEGGIO'S PIZZA,50 CHELSEA RD,BIRMINGHAM,AL,35244,6/2/2025,6530431,5636035,Invoice,,1B25,10,1349.83,0.00,6.50,0.00,1356.33,27,27,29570,HORMEL FOODS CORP,82375,MEATS,00039437004305,948445,,SAUSAGE BULK ITAL SPICY FZ,,FONTANIN,4/5 LB,CS,10,73.94,1,1,,73.94,73.94
Performance Foodservice Nashville,55090180,SANPEGGIO'S PIZZA,50 CHELSEA RD,BIRMINGHAM,AL,35244,6/2/2025,6530431,5636035,Invoice,,1B25,10,1349.83,0.00,6.50,0.00,1356.33,27,27,74885,LIGURIA FOODS LLC,91973,MEATS,00806795050073,78616,,PEPPERONI SLCD 14 CT 44 MM FZ,,ROMA,1/10 LB,CS,11,40.95,2,2,,40.95,81.90
Performance Foodservice Nashville,55090180,SANPEGGIO'S PIZZA,50 CHELSEA RD,BIRMINGHAM,AL,35244,6/2/2025,6530431,5636035,Invoice,,1B25,10,1349.83,0.00,6.50,0.00,1356.33,27,27,37512,NASONVILLE DAIRY INC,361663,DAIRY PROD & SUBS,10806795435471,361663,,CHEESE FETA GREEK CRUMBLE NAT,,ROMA,2/5 LB,CS,12,28.71,1,1,,28.71,28.71
Performance Foodservice Nashville,55090180,SANPEGGIO'S PIZZA,50 CHELSEA RD,BIRMINGHAM,AL,35244,6/2/2025,6530431,5636035,Invoice,,1B25,10,1349.83,0.00,6.50,0.00,1356.33,27,27,31689,TASTE IT PRESENTS INC,291781,FROZEN FOOD PROCESS,00806795286663,291781,,CAKE LIMONCELLO MASCARPONE,,ROMA,2/3.5 LB,CS,13,59.63,1,1,,59.63,59.63
Performance Foodservice Nashville,55090180,SANPEGGIO'S PIZZA,50 CHELSEA RD,BIRMINGHAM,AL,35244,6/2/2025,6530431,5636035,Invoice,,1B25,10,1349.83,0.00,6.50,0.00,1356.33,27,27,7400,INNOVATIVE BAKING LLC,GF-0211175-24,FROZEN FOOD PROCESS,00810818021254,569949,,PIZZA CRUST 11.75" CAULIFLOWER,,VENICE,24/6.9 OZ,CS,14,76.98,1,1,,76.98,76.98
Performance Foodservice Nashville,55090180,SANPEGGIO'S PIZZA,50 CHELSEA RD,BIRMINGHAM,AL,35244,6/2/2025,6530431,5636035,Invoice,,1B25,10,1349.83,0.00,6.50,0.00,1356.33,27,27,78876,GENERAL MILLS DRY & FRZN,210286000,FROZEN FOOD PROCESS,10031400250877,953280,,PIZZA CRUST 14" THIN PARBKD FZ,,BONICI,40/8.5 OZ,CS,15,49.42,1,1,,49.42,49.42
Performance Foodservice Nashville,55090180,SANPEGGIO'S PIZZA,50 CHELSEA RD,BIRMINGHAM,AL,35244,6/2/2025,6530431,5636035,Invoice,,1B25,10,1349.83,0.00,6.50,0.00,1356.33,27,27,1100,AK PIZZA CRUST,161240U,FROZEN FOOD PROCESS,00806795587586,102724,,PIZZA CRUST 16" THIN PARBKD FZ,,ULTIMO,40/12 OZ,CS,16,55.14,1,1,,55.14,55.14
Performance Foodservice Nashville,55090180,SANPEGGIO'S PIZZA,50 CHELSEA RD,BIRMINGHAM,AL,35244,6/2/2025,6530431,5636035,Invoice,,1B25,10,1349.83,0.00,6.50,0.00,1356.33,27,27,55063,LA NOVA WINGS INC,80303-670,POULTRY,00806795466324,398989,,CHICKEN WING OVEN RSTD FC,,ROMA,2/5 LB,CS,17,59.30,2,2,,59.30,118.60
Performance Foodservice Nashville,55090180,SANPEGGIO'S PIZZA,50 CHELSEA RD,BIRMINGHAM,AL,35244,6/2/2025,6530431,5636035,Invoice,,1B25,10,1349.83,0.00,6.50,0.00,1356.33,27,27,65350,SAUER BRANDS,201348,GROCERY DRY,00806795008661,966992,,MAYO XHD GF,,WEST CRK,1/1 GA,CS,18,13.77,1,1,,13.77,13.77
Performance Foodservice Nashville,55090180,SANPEGGIO'S PIZZA,50 CHELSEA RD,BIRMINGHAM,AL,35244,6/2/2025,6530431,5636035,Invoice,,1B25,10,1349.83,0.00,6.50,0.00,1356.33,27,27,10420,RUBY CO PEIRCES PRODUCE,,PRODUCE,,37748,,PEPPERS GRN MED,,PACKER,1/10 LB,CS,19,19.49,1,1,,19.49,19.49
Performance Foodservice Nashville,55090180,SANPEGGIO'S PIZZA,50 CHELSEA RD,BIRMINGHAM,AL,35244,5/29/2025,6527487,5632231,Invoice,,4B31,5,1050.32,0.00,6.50,3.30,1060.12,28,28,56584,STANISLAUS FOOD PRODUCTS,03501,GROCERY DRY,30071933035019,56022,,TOMATO GRND UNPLD W/ PUREE,,7/11,6/#10 CN,CS,1,35.87,1,1,,35.87,35.87
Performance Foodservice Nashville,55090180,SANPEGGIO'S PIZZA,50 CHELSEA RD,BIRMINGHAM,AL,35244,5/29/2025,6527487,5632231,Invoice,,4B31,5,1050.32,0.00,6.50,3.30,1060.12,28,28,77180,LEPRINO FOODS COMPANY,100000223,DAIRY PROD & SUBS,90806795525284,79109,,CHEESE MOZZ LMPS ORGNL BLOCK,,ROMA,8/6 AV,CS,2,2.5229,2,2,97.82/lb,2.5229,246.79
Performance Foodservice Nashville,55090180,SANPEGGIO'S PIZZA,50 CHELSEA RD,BIRMINGHAM,AL,35244,5/29/2025,6527487,5632231,Invoice,,4B31,5,1050.32,0.00,6.50,3.30,1060.12,28,28,97858,ARDENT MILLS,700440FD,GROCERY DRY,00806795295290,79947,,FLOUR HIGH GLUTEN,,ASSOLUTI,1/25 LB,CS,3,11.94,6,6,,11.94,71.64
Performance Foodservice Nashville,55090180,SANPEGGIO'S PIZZA,50 CHELSEA RD,BIRMINGHAM,AL,35244,5/29/2025,6527487,5632231,Invoice,,4B31,5,1050.32,0.00,6.50,3.30,1060.12,28,28,14353,BERRY GLOBAL FILMS AEP,194635,DISPOSABLES,00806795006650,194635,,CAN LINER 60 GA HW CLR 38X58,,FRST MRK,10/10 CT,CS,4,34.73,1,1,,34.73,34.73
Performance Foodservice Nashville,55090180,SANPEGGIO'S PIZZA,50 CHELSEA RD,BIRMINGHAM,AL,35244,5/29/2025,6527487,5632231,Invoice,,4B31,5,1050.32,0.00,6.50,3.30,1060.12,28,28,13617,RUBY ROBINSON W COAST DIS,50530,PRODUCE PRE-CUT,10806795021452,907448,,SALAD SPRING MIX,,PEAK FRS,2/1.5 LB,CS,5,13.65,1,1,,13.65,13.65
Performance Foodservice Nashville,55090180,SANPEGGIO'S PIZZA,50 CHELSEA RD,BIRMINGHAM,AL,35244,5/29/2025,6527487,5632231,Invoice,,4B31,5,1050.32,0.00,6.50,3.30,1060.12,28,28,29570,HORMEL FOODS CORP,32542,MEATS,00037600325424,39210,,HAM SLCD 1/2 OZ TFF,,BRD RDY,6/2 LB,CS,6,64.92,1,1,,64.92,64.92
Performance Foodservice Nashville,55090180,SANPEGGIO'S PIZZA,50 CHELSEA RD,BIRMINGHAM,AL,35244,5/29/2025,6527487,5632231,Invoice,,4B31,5,1050.32,0.00,6.50,3.30,1060.12,28,28,74885,LIGURIA FOODS LLC,91973,MEATS,00806795050073,78616,,PEPPERONI SLCD 14 CT 44 MM FZ,,ROMA,1/10 LB,CS,7,40.95,2,2,,40.95,81.90
Performance Foodservice Nashville,55090180,SANPEGGIO'S PIZZA,50 CHELSEA RD,BIRMINGHAM,AL,35244,5/29/2025,6527487,5632231,Invoice,,4B31,5,1050.32,0.00,6.50,3.30,1060.12,28,28,10420,RUBY CO PEIRCES PRODUCE,,PRODUCE,00806795422313,328740,,TOMATO 5X6 1 LYR,,PEAK FRS,1/10 LB,CS,8,19.89,1,1,,19.89,19.89
Performance Foodservice Nashville,55090180,SANPEGGIO'S PIZZA,50 CHELSEA RD,BIRMINGHAM,AL,35244,5/29/2025,6527487,5632231,Invoice,,4B31,5,1050.32,0.00,6.50,3.30,1060.12,28,28,55063,LA NOVA WINGS INC,80303-670,POULTRY,00806795466324,398989,,CHICKEN WING OVEN RSTD FC,,ROMA,2/5 LB,CS,9,59.30,2,2,,59.30,118.60
Performance Foodservice Nashville,55090180,SANPEGGIO'S PIZZA,50 CHELSEA RD,BIRMINGHAM,AL,35244,5/29/2025,6527487,5632231,Invoice,,4B31,5,1050.32,0.00,6.50,3.30,1060.12,28,28,11654,BOXTECH LLC,700403,DISPOSABLES,00810119522856,181427,,BOX PIZZA 12IN B FLTD W/K LOGO,,SNPGGIS,1/50 CT,CS,10,32.19,2,2,,32.19,64.38
Performance Foodservice Nashville,55090180,SANPEGGIO'S PIZZA,50 CHELSEA RD,BIRMINGHAM,AL,35244,5/29/2025,6527487,5632231,Invoice,,4B31,5,1050.32,0.00,6.50,3.30,1060.12,28,28,11654,BOXTECH LLC,700402,DISPOSABLES,00810119522849,181425,,BOX PIZZA 8IN B FLTD W/K LOGO,,SNPGGIS,1/50 CT,CS,11,25.84,2,2,,25.84,51.68
Performance Foodservice Nashville,55090180,SANPEGGIO'S PIZZA,50 CHELSEA RD,BIRMINGHAM,AL,35244,5/29/2025,6527487,5632231,Invoice,,4B31,5,1050.32,0.00,6.50,3.30,1060.12,28,28,67343,REMA FOODS INC,26778RM,GROCERY DRY,00762661730152,247006,,OLIVE GRN SLCD,,ROMA,1/#10 CN,CS,12,12.50,1,1,,12.50,12.50
Performance Foodservice Nashville,55090180,SANPEGGIO'S PIZZA,50 CHELSEA RD,BIRMINGHAM,AL,35244,5/29/2025,6527487,5632231,Invoice,,4B31,5,1050.32,0.00,6.50,3.30,1060.12,28,28,11654,BOXTECH LLC,700404,DISPOSABLES,00810119522863,181429,,BOX PIZZA 14IN B FLTD W/K LOGO,,SNPGGIS,1/50 CT,CS,13,36.53,2,2,,36.53,73.06
Performance Foodservice Nashville,55090180,SANPEGGIO'S PIZZA,50 CHELSEA RD,BIRMINGHAM,AL,35244,5/29/2025,6527487,5632231,Invoice,,4B31,5,1050.32,0.00,6.50,3.30,1060.12,28,28,11654,BOXTECH LLC,700405,DISPOSABLES,00810119522870,181430,,BOX PIZZA 16IN B FLTD W/K LOGO,,SNPGGIS,1/50 CT,CS,14,41.20,2,2,,41.20,82.40
Performance Foodservice Nashville,55090180,SANPEGGIO'S PIZZA,50 CHELSEA RD,BIRMINGHAM,AL,35244,5/29/2025,6527487,5632231,Invoice,,4B31,5,1050.32,0.00,6.50,3.30,1060.12,28,28,10420,RUBY CO PEIRCES PRODUCE,,PRODUCE,,37748,,PEPPERS GRN MED,,PACKER,1/10 LB,CS,15,19.49,1,1,,19.49,19.49
Performance Foodservice Nashville,55090180,SANPEGGIO'S PIZZA,50 CHELSEA RD,BIRMINGHAM,AL,35244,5/29/2025,6527487,5632231,Invoice,,4B31,5,1050.32,0.00,6.50,3.30,1060.12,28,28,97385,SMITHFIELD FARMLAND FARM,10806795620914,MEATS,10806795620914,1007724,,BACON TOPPING 3/8" DICED FC,,ROMA,2/5 LB,CS,16,58.82,1,1,,58.82,58.82
